component,variance,cum_var
1,0.8261597810937261,0.8261597810937261
2,0.1323647215625293,0.9585245026562554
3,0.038821578170546496,0.997346080826802
