{"run_duration": 0.9945614337921143, "reconstruction_mse": 0.0010787823479557078, "pc1_variance": 0.820406040144502, "pc2_variance": 0.13680995119748224, "pc3_variance": 0.04003396731433222, "total_explained": 0.9972499586563164}