{"reconstruction_mse": 0.0010654575680138256, "pc1_variance": 0.830490431200585, "pc2_variance": 0.12909100951335004, "pc3_variance": 0.03783130919993951, "total_explained": 0.9974127499138745}