{"reconstruction_mse": 0.00111137029677071, "pc1_variance": 0.9408575757373058, "pc2_variance": 0.04471929981090085, "pc3_variance": 0.013325215416632513, "total_explained": 0.9989020909648392}