{"reconstruction_mse": 0.0010681771586135004, "pc1_variance": 0.8261597810937261, "pc2_variance": 0.1323647215625293, "pc3_variance": 0.038821578170546496, "total_explained": 0.997346080826802}