{"reconstruction_mse": 0.0010654575680138258, "pc1_variance": 0.8304904312005745, "pc2_variance": 0.12909100951335903, "pc3_variance": 0.03783130919994168, "total_explained": 0.9974127499138753}