{"reconstruction_mse": 0.0011014481484534623, "pc1_variance": 0.9364443634276448, "pc2_variance": 0.048458413243753655, "pc3_variance": 0.01394946642689912, "total_explained": 0.9988522430982976}